Workbook

Sheet Overview
A1: Python Q&A Chatbot: 5-Day Tracker
A2: Tick tasks on the 'Tasks' sheet (yellow Done column, pick ☑ from the dropdown). This sheet updates automatically.
A4: Day | B4: Date | C4: Focus | D4: Planned hrs | E4: Tasks done | F4: Total tasks | G4: Hours done | H4: Progress | I4: Status
A5: 1 | B5: 46308 | C5: Setup and understanding | D5: =SUMIFS(Tasks!$D$2:$D$31,Tasks!$A$2:$A$31,A5)/60 -> 3.25 | E5: =COUNTIFS(Tasks!$A$2:$A$31,A5,Tasks!$E$2:$E$31,"☑") -> 0 | F5: =COUNTIFS(Tasks!$A$2:$A$31,A5) -> 5 | G5: =SUMIFS(Tasks!$D$2:$D$31,Tasks!$A$2:$A$31,A5,Tasks!$E$2:$E$31,"☑")/60 -> 0 | H5: =IF(F5=0,0,E5/F5) -> 0 | I5: =IF(H5=1,"Complete",IF(H5>0,"In progress","Not started")) -> Not started
A6: 2 | B6: 46309 | C6: Knowledge base, part 1 | D6: =SUMIFS(Tasks!$D$2:$D$31,Tasks!$A$2:$A$31,A6)/60 -> 4 | E6: =COUNTIFS(Tasks!$A$2:$A$31,A6,Tasks!$E$2:$E$31,"☑") -> 0 | F6: =COUNTIFS(Tasks!$A$2:$A$31,A6) -> 6 | G6: =SUMIFS(Tasks!$D$2:$D$31,Tasks!$A$2:$A$31,A6,Tasks!$E$2:$E$31,"☑")/60 -> 0 | H6: =IF(F6=0,0,E6/F6) -> 0 | I6: =IF(H6=1,"Complete",IF(H6>0,"In progress","Not started")) -> Not started
A7: 3 | B7: 46310 | C7: Knowledge base, part 2 and testing | D7: =SUMIFS(Tasks!$D$2:$D$31,Tasks!$A$2:$A$31,A7)/60 -> 4.25 | E7: =COUNTIFS(Tasks!$A$2:$A$31,A7,Tasks!$E$2:$E$31,"☑") -> 0 | F7: =COUNTIFS(Tasks!$A$2:$A$31,A7) -> 6 | G7: =SUMIFS(Tasks!$D$2:$D$31,Tasks!$A$2:$A$31,A7,Tasks!$E$2:$E$31,"☑")/60 -> 0 | H7: =IF(F7=0,0,E7/F7) -> 0 | I7: =IF(H7=1,"Complete",IF(H7>0,"In progress","Not started")) -> Not started
A8: 4 | B8: 46311 | C8: Improvements and tuning | D8: =SUMIFS(Tasks!$D$2:$D$31,Tasks!$A$2:$A$31,A8)/60 -> 4.5 | E8: =COUNTIFS(Tasks!$A$2:$A$31,A8,Tasks!$E$2:$E$31,"☑") -> 0 | F8: =COUNTIFS(Tasks!$A$2:$A$31,A8) -> 6 | G8: =SUMIFS(Tasks!$D$2:$D$31,Tasks!$A$2:$A$31,A8,Tasks!$E$2:$E$31,"☑")/60 -> 0 | H8: =IF(F8=0,0,E8/F8) -> 0 | I8: =IF(H8=1,"Complete",IF(H8>0,"In progress","Not started")) -> Not started
A9: 5 | B9: 46312 | C9: Polish and submit | D9: =SUMIFS(Tasks!$D$2:$D$31,Tasks!$A$2:$A$31,A9)/60 -> 3 | E9: =COUNTIFS(Tasks!$A$2:$A$31,A9,Tasks!$E$2:$E$31,"☑") -> 0 | F9: =COUNTIFS(Tasks!$A$2:$A$31,A9) -> 7 | G9: =SUMIFS(Tasks!$D$2:$D$31,Tasks!$A$2:$A$31,A9,Tasks!$E$2:$E$31,"☑")/60 -> 0 | H9: =IF(F9=0,0,E9/F9) -> 0 | I9: =IF(H9=1,"Complete",IF(H9>0,"In progress","Not started")) -> Not started
A10: Total | D10: =SUM(D5:D9) -> 19 | E10: =SUM(E5:E9) -> 0 | F10: =SUM(F5:F9) -> 30 | G10: =SUM(G5:G9) -> 0 | H10: =IF(F10=0,0,E10/F10) -> 0 | I10: =IF(H10=1,"Complete",IF(H10>0,"In progress","Not started")) -> Not started
A12: Overall progress | C12: =H10 -> 0
A13: Days completed | C13: =COUNTIF(I5:I9,"Complete")&" of "&COUNTA(A5:A9) -> 0 of 5
A14: Note: Planned hours are the sum of task minutes on the Tasks sheet (about 19 hrs; the earlier plan rounded to 18).

Sheet Tasks
A1: Day | B1: Date | C1: Task | D1: Time (min) | E1: Done
A2: 1 | B2: 46308 | C2: Install Python, create venv, run pip install -r requirements.txt | D2: 30 | E2: ☐
A3: 1 | B3: 46308 | C3: Run chatbot.py and streamlit run app.py, test 15-20 questions | D3: 30 | E3: ☐
A4: 1 | B4: 46308 | C4: Read chatbot.py line by line and write notes on each method | D4: 60 | E4: ☐
A5: 1 | B5: 46308 | C5: Learn TF-IDF, cosine similarity and the threshold idea | D5: 60 | E5: ☐
A6: 1 | B6: 46308 | C6: Create the GitHub repo and make the first commit | D6: 15 | E6: ☐
A7: 2 | B7: 46309 | C7: Add 10 Q&As on strings and lists | D7: 50 | E7: ☐
A8: 2 | B8: 46309 | C8: Add 10 Q&As on dicts, sets and tuples | D8: 50 | E8: ☐
A9: 2 | B9: 46309 | C9: Add 10 Q&As on loops, conditionals and functions | D9: 50 | E9: ☐
A10: 2 | B10: 46309 | C10: Test each new entry with 2 differently worded questions | D10: 60 | E10: ☐
A11: 2 | B11: 46309 | C11: Fix entries that matched wrongly (improve keywords) | D11: 15 | E11: ☐
A12: 2 | B12: 46309 | C12: Commit and push (target: about 65 entries) | D12: 15 | E12: ☐
A13: 3 | B13: 46310 | C13: Add 10 Q&As on OOP and exceptions | D13: 50 | E13: ☐
... A31: 5 | B31: 46312 | C31: Add the project to your resume | D31: 10 | E31: ☐

Sheet Habits
A1: Daily habit | B1: Done today?
A2: Commit to GitHub every day | B2: ☐
A3: Study in focused blocks of 50 min with 10 min breaks | B3: ☐
A4: From Oct 18, spend 20-30 min a day collecting face images | B4: ☐
A6: Reset the checkboxes to ☐ each morning. Yellow cells are the ones you edit.
